Station,Konfiguration,MAE,RMSE,MASE,MAPE %,MAE_8h,RMSE_8h,MASE_8h,MAPE_8h,MAE_24h,RMSE_24h,MASE_24h,MAPE_24h,MAE_48h,RMSE_48h,MASE_48h,MAPE_48h,MAE_72h,RMSE_72h,MASE_72h,MAPE_72h
Aotizhongxin,Seasonal Naive (Baseline),63.58586853120243,98.54764239634842,1.073492590182327,120.62126130468593,86.75,88.65946086007968,1.464562556892951,88.20305243365048,92.5,95.97352065370254,1.5616373085025703,75.1740694712435,114.89583333333333,125.72150107811048,1.9397364316197467,75.80375407677002,166.76388888888889,188.37223049648858,2.8154022767553095,80.55285618099019
Aotizhongxin,Seasonal Naive (Vorjahr),73.13830901387206,107.52612159767203,1.2347622922902968,239.24825742938336,32.25,36.23189202898463,0.544462737288734,31.20475033929622,73.375,91.19603934707139,1.238758243366228,53.590356967026196,116.89583333333333,133.99092181797104,1.9735015626143968,73.63038189526732,171.04166666666666,196.95830150279068,2.8876221402716444,79.88837982715016
Aotizhongxin,Basis (univariat),78.82557927877517,114.01808409839273,1.3307780050385127,97.47375744655751,51.79056189454283,57.507586761613915,0.8743575533278881,49.221236612335176,82.48853038387007,89.2507498054254,1.3926180169837767,62.917827523567546,107.89388111786688,116.68734195741582,1.8215255147329938,70.18099416865323,160.68869576712916,183.95843580543743,2.7128374309683023,75.86256255871172
Aotizhongxin,Basis + Feiertage,79.71063686442477,115.21839134511455,1.3457200476971467,98.93376672203291,63.718235633748385,68.54372142795063,1.0757272864607503,61.91185542544619,95.15204116296961,101.22085340973486,1.606410567138007,73.69990167646327,120.60999563549449,128.64120462245145,2.0362061509483285,79.58275014841965,173.3217363105523,195.10895314999976,2.9261155653730064,83.55760347459574
Aotizhongxin,Basis + Feiertage + Regressoren,62.21087648784625,89.93624074050864,1.0502791969520655,87.64202092133702,14.230927464068806,18.381022121591936,0.24025456499982398,12.936035929662765,30.353372082392628,39.27357968855019,0.5124427922456722,21.084328013469978,38.9592042353083,48.27908050320517,0.6577313172262572,23.645388769081045,63.47631299347638,79.52702624911049,1.0716430116410722,27.707372405151865
Aotizhongxin,Behandelt + Feiertage + Regressoren,40.2929941352801,62.43179349254351,0.6802491125722018,105.73895914318774,10.375327968622482,11.323417388857882,0.17516215398649787,10.801634834036673,22.46491868908285,29.90150271455035,0.3792654611605236,15.935579760626453,33.31001906396575,40.11875536332206,0.562358578564549,20.98761095099121,54.30277629077302,68.46607847921929,0.9167701774155672,24.102041998554924
Aotizhongxin,Behandelt + FT + Reg + Log,39.63743390655818,66.78135245505085,0.6691815740733625,68.69155571865028,43.58016523111543,46.73721398082798,0.7357449938985556,42.74781782894262,60.81079849781787,65.95769285661625,1.026642288584048,46.762996129981154,62.01152957260519,71.33156598719864,1.0469137095988186,40.108629806903444,62.13199495146111,70.79566915609763,1.0489474742475138,33.856088464421696
Changping,Seasonal Naive (Baseline),52.70533961187215,82.06537863253199,0.9795234143523119,126.20895697905436,59.25,60.57020719792859,1.101155266767343,82.36254954194303,61.541666666666664,63.14896409812806,1.1437456603483582,67.5075029787585,78.77083333333333,86.1056763517946,1.4639479829983557,69.67753559314907,116.55555555555556,133.5234061878291,2.166173229890188,75.28958192372703
Changping,Seasonal Naive (Vorjahr),59.631212220047836,86.6768826870092,1.1082400573810434,220.56364599363042,31.375,48.13652459411668,0.5831012066637196,41.85293197290411,57.354166666666664,71.6289225543446,1.0659213957139575,55.28955215163314,88.90625,101.20295832211698,1.652313678245301,73.90619980134856,127.09027777777777,146.98567868215704,2.361959978564128,79.34365287631233
Changping,Basis (univariat),66.54700174189541,97.52974448528876,1.2367693072685852,98.90562531040466,47.46640468707699,48.16714484626839,0.882158337817467,66.38161480432629,68.14896822509682,70.76005931864901,1.266541692587775,70.74390324198544,87.16735322578796,92.2220333972708,1.619996457295287,75.95889860027961,125.76325179591004,143.13135980366965,2.337297334697955,80.49263178164254
Changping,Basis + Feiertage,66.80481351581783,97.76401317601102,1.241560713052371,99.68746604940728,55.35728356420282,55.94700667967571,1.028809524905573,77.69641264016516,76.48014777628036,78.88917107455394,1.4213758232404357,79.92706345676423,95.76869836296491,100.46893012184313,1.7798515880815498,84.17816063051534,134.80330228745578,151.43504056718498,2.505305760193454,87.54947173957865
Changping,Basis + Feiertage + Regressoren,60.91463604332885,89.51427675269579,1.1320923595329515,94.70310647256368,23.942346523433926,26.234335877157964,0.444966092372119,32.14847157468238,27.0041281851733,28.862651404839333,0.5018689953681693,28.35099027713194,31.768849229880004,35.413557856106024,0.5904208548290297,27.860067213940415,48.600560224765594,61.068262302047486,0.9032365039551743,29.881377304243006
Changping,Behandelt + Feiertage + Regressoren,43.971982752371126,68.74307242963671,0.8172148590375735,77.10463283087286,13.48296928244103,17.164530873838302,0.25057962256577626,17.19648638610569,16.220382955650205,19.16008826013892,0.3014541792505901,16.416192856311604,23.310750945001445,27.495888736454848,0.43322795232726,20.158108060727688,39.32604049210844,53.157759688451684,0.7308704912909874,23.02557435922921
Changping,Behandelt + FT + Reg + Log,39.80601372938487,68.26136084815263,0.7397907454367142,57.751108449868184,41.14196560638514,42.691765413001335,0.7646192761625634,56.62030030448977,49.12571507006097,50.641203575887594,0.9129964537233666,51.90176890764264,53.521356296440594,57.662101846315,0.9946890020313427,47.11442735804124,59.493805809264735,67.43061177506037,1.1056863731123276,42.36308673993863
Dingling,Seasonal Naive (Baseline),52.76981436181779,81.76195958676863,0.9966470821015753,146.78542497693786,63.75,63.90031298827886,1.2040264354226686,88.80288623454653,70.79166666666667,72.38646921853508,1.3370202050870028,72.3606623123228,86.97916666666667,94.95819011738993,1.6427484862384452,72.75410329266748,131.80555555555554,154.24850680590671,2.4893705603836875,78.1395924603215
Dingling,Seasonal Naive (Vorjahr),62.81922754946728,92.91732941014865,1.1864472254492642,270.9447930504243,41.5,43.14800111245016,0.7837976010986785,58.08082093037545,74.54166666666667,84.86386156662917,1.4078452895236304,68.82872554242715,100.22916666666667,110.66494100060174,1.8929971179145293,81.07497355336291,144.75,168.55142637584925,2.7338482592538242,84.87027409888411
Dingling,Basis (univariat),65.20240775776244,96.61986273120222,1.2314576093106522,99.29563435993617,48.23930283250772,48.31927768714264,0.9110807190070418,67.33371575086437,75.27166869022676,79.73842001263297,1.4216326108456443,72.61312471229438,93.9572260267487,101.24439144217843,1.7745409244735408,76.53911793616425,140.65182811255985,164.95782147350033,2.6564473605968213,81.823241596541
Dingling,Basis + Feiertage,65.45461434055368,96.94994052148883,1.2362209566497622,99.86795966277377,59.613597665909964,59.682228710565006,1.125903490202458,83.24202076307164,87.24960410989105,91.25814837454992,1.6478561541720964,85.18762845216462,106.2316416499832,112.83125392997455,2.006363997253766,88.5530995939277,153.02067312267712,175.7983483709341,2.890053891856852,91.66640989307078
Dingling,Basis + Feiertage + Regressoren,60.91408096349278,89.55550959440698,1.1504653140317185,96.51435530249836,27.499996320567245,27.93985472944618,0.519383883042966,38.115549053761725,37.45417826820637,40.15385772450191,0.7073854235600581,36.572845613077895,44.02874628493413,49.319968297727144,0.8315572462051499,40.952194042967314,67.53584316748895,86.109388810957,1.275528478622998,41.27393635653424
Dingling,Behandelt + Feiertage + Regressoren,51.53935124069839,76.69881550199663,0.9734077075817251,89.71108863046958,17.64495804273716,18.350543089333488,0.33325483820202934,24.33361782874687,27.755403936254627,31.384047079830502,0.5242076872954504,26.230854864102206,36.15364161010775,42.25940850160504,0.6828225919273209,34.683689974450765,58.92881814373872,78.98272316144741,1.1129702722082575,35.61361185651212
Dingling,Behandelt + FT + Reg + Log,38.83819602673946,65.13103566384308,0.7335249367893643,67.65578848485637,44.141560817828974,44.369063345449405,0.8336879392232716,61.40828577300288,58.36648608205667,61.137208268965914,1.1023496813415763,57.62962193057197,64.0501822070739,70.02105773514782,1.2096958834659708,55.71601881776984,73.4087278270684,85.90882545577394,1.3864478257966752,49.5898298711689
Dongsi,Seasonal Naive (Baseline),70.03792826750875,108.44700212415152,1.1171863291184554,106.10673028445466,85.75,87.17654501068507,1.3678121282515074,89.64733119780213,88.33333333333333,91.5072856844379,1.4090192963523787,76.36560345694717,115.625,126.6509310401362,1.8443530883857788,77.64151883945725,163.40277777777777,184.64195833498349,2.60646415433738,81.98030337454453
Dongsi,Seasonal Naive (Vorjahr),77.24940749133741,114.13612189731784,1.2322178013631973,210.9863756571224,8.5,10.319883720275147,0.13558487568673835,9.382134787315934,64.29166666666667,88.50494336476353,1.0255267803168493,47.38098912213853,113.88541666666667,134.58967348327036,1.816604713092047,70.69713238428159,162.9375,189.98981149583315,2.5990424332009328,77.35464474631762
Dongsi,Basis (univariat),84.20321465976112,121.10473433645456,1.3431391049491124,95.26485067168686,46.83881251536948,51.831207695022904,0.7471334790836254,46.051386516492,73.46524917862872,80.71814497188781,1.171856079668192,59.26935936701617,104.55686213545228,114.86383779209837,1.6678034299800866,68.39641369636942,153.62346862863143,178.0123411393172,2.450472811362181,74.20611498876524
Dongsi,Basis + Feiertage,86.91436384374826,124.65273873667591,1.3863850843701828,99.17900864505891,58.33853599239639,62.497204229394285,0.9305674294441617,58.477121430367916,85.50661318549915,91.93343894919907,1.363929825782344,70.15077004737367,116.5018226095488,125.88947652419522,1.858339427740484,77.467746069392,165.36374789139705,188.16233723126783,2.637743905993907,81.68015644098509
Dongsi,Basis + Feiertage + Regressoren,69.73363139466713,99.62591029948894,1.1123324404506796,90.29210223811933,12.63229608381819,15.630466866339153,0.20149979931324247,12.19620099192701,24.316268323438,34.476912854628665,0.3878727315057311,17.301094930464643,37.38103421580067,48.70569713930419,0.5962709267283584,21.999733137970402,58.92109808475421,76.71103140451162,0.9398599716644137,25.49217572677907
Dongsi,Behandelt + Feiertage + Regressoren,58.93538767833921,87.29354935349174,0.9400879072843944,85.29290962849433,8.310382824879824,12.158645647749198,0.13256026143771016,7.6995438848534405,20.68364572768218,31.43998792383822,0.3299281805572147,14.203279268248922,34.55624803197205,45.64100178820477,0.5512123051311797,20.116941055266853,55.789655056113915,73.26721257199681,0.8899098171046139,23.89626261088793
Dongsi,Behandelt + FT + Reg + Log,49.47900676894123,82.45652529942183,0.7892476449259037,63.501546866710044,46.38425865719196,49.071034622742864,0.7398828169243398,47.1185982045317,58.49041121563034,63.45339925487362,0.9329900157102877,48.06203751748597,65.59857872795233,75.89165764416289,1.0463735461242512,43.1251543523041,65.44081353930768,75.71293001178594,1.0438570080665948,36.05832505937998
Guanyuan,Seasonal Naive (Baseline),66.32700722983256,101.70862509365867,1.134511429095179,107.53605207923916,78.25,79.92496481075234,1.3384520579841312,89.47801573223238,83.75,86.45760039849976,1.4325285604622493,75.49731175206364,106.75,115.22441870830447,1.8259393890071056,76.8786663919963,151.63888888888889,170.37670680648287,2.593755692060835,81.27587136017821
Guanyuan,Seasonal Naive (Vorjahr),73.0500643522249,105.95317156041422,1.2495081018288645,216.9289331984249,25.5,28.186876378910807,0.43617287512581915,28.118290719525664,64.3125,82.72878630400263,1.1000536482952645,50.1088858462722,107.58333333333333,123.88111740697208,1.840193404534093,72.02590390436278,154.05555555555554,177.79699331915972,2.635092337089099,78.45777120523877
Guanyuan,Basis (univariat),77.19577842851383,110.63833558791481,1.3204197892055125,96.51428854310483,38.40722079163478,43.92685520399303,0.6569485458148816,39.857360764900754,66.37710169927504,73.18805231978291,1.1353682859094782,54.86645856917719,92.04141304152523,100.42962041225003,1.5743516767437304,63.79136838161854,137.49252319918324,159.70262154025735,2.3517846726310254,70.19224621317746
Guanyuan,Basis + Feiertage,82.79755015298736,117.7586866228917,1.416237078572655,98.86077002613125,47.84411471836227,53.06652955520048,0.8183649048846114,50.633208064161785,77.01871698661789,83.34685936473183,1.3173911853550937,64.6369944561839,102.81809727491735,110.59438304908288,1.7586849060143863,72.22906036924181,148.13753800699448,168.9837061527615,2.53386572025769,77.181863136583
Guanyuan,Basis + Feiertage + Regressoren,55.9757204044911,81.88430770704215,0.9574545453359162,82.27950141370178,6.248983107112064,7.286140453697308,0.10688772268398995,7.3242607586377195,19.711119251385174,28.75547565882365,0.33715511983625707,14.670316544355478,28.20602850330557,36.19262773063127,0.4824590018889254,18.256974776814236,45.255744267459576,60.53007058050272,0.7740912977684962,21.02822794324951
Guanyuan,Behandelt + Feiertage + Regressoren,49.546582926226264,74.69825511226449,0.8474853148075268,81.0629406822497,5.783522226546034,6.62138758731263,0.09892609874143776,7.371250275878016,18.68574240424773,27.39026750757207,0.3196162348361243,14.101438546794471,27.28880969163915,34.817178274622194,0.46677014046915943,17.833269943434246,43.799678362943204,58.766916631495235,0.749185554554944,20.43029278139844
Guanyuan,Behandelt + FT + Reg + Log,47.19428879084309,77.82641798090287,0.8072497502517745,60.641158760954674,39.136973566729935,41.67847065533161,0.6694308346793639,42.95482453612662,54.585524629492795,59.34448229427787,0.9336754987410623,46.190353269268805,56.7797731761349,65.62329564428525,0.97120772216575,39.92816438963852,54.44835604623289,63.45775108148472,0.9313292550023403,32.80850536485081
Gucheng,Seasonal Naive (Baseline),63.98680840943683,99.92476776735253,1.0872320118525198,129.55872753552035,85.5,85.77295611088614,1.4527734594695125,85.66421606495476,86.375,87.4711857318359,1.4676410241132065,70.08908562495716,103.25,107.37740102088522,1.7543726279558733,72.23637216112259,146.51388888888889,164.53277704525084,2.48949110200518,76.93373175899966
Gucheng,Seasonal Naive (Vorjahr),75.13207626657969,110.37367435772269,1.2766068579523537,237.19595760555845,59.25,61.37589103222861,1.0067465201586974,60.16869237010458,86.95833333333333,102.44653076930749,1.4775527338756689,63.55735694140775,120.27083333333333,132.73732676480518,2.043582159239156,79.00752479678128,163.0,184.27156598581396,2.7696148993395386,83.17190231710723
Gucheng,Basis (univariat),81.78762404714075,119.00385335222524,1.389694614371422,97.44578600120987,57.06306786692682,57.19749032334491,0.969587257461741,57.38710027142674,83.7950580738099,88.07707621331241,1.4238039345536553,64.32727201002167,102.88562098389359,108.35445961060513,1.748181281010996,69.52709546488785,147.19359365175217,169.1195771492356,2.5010403071486045,74.59111494268817
Gucheng,Basis + Feiertage,83.17179417145191,120.92505583196345,1.4132137444297828,98.65783837106686,67.56283565202884,67.68685432278035,1.1479940875060592,67.95807724974345,94.95449249618518,98.87815708791774,1.613419491881343,73.45078418560513,114.0429659529126,119.03557263666764,1.9377613353868617,77.70177655332718,158.18435379345496,178.71465047649107,2.6877898350230045,81.48424623083392
Gucheng,Basis + Feiertage + Regressoren,67.83100473857147,98.63917571083785,1.1525506831970453,87.99923633668816,25.0979107745587,25.75636463857163,0.42645121241418477,25.247210671114118,38.16119466832385,41.4109362507572,0.6484160326993025,28.851588428975326,36.06226286415074,40.665702254713,0.6127520278064468,24.89419216491995,54.79155605366836,73.16480423622212,0.9309908589217017,26.153258886021014
Gucheng,Behandelt + Feiertage + Regressoren,53.43169341044262,81.74477391156493,0.9078847494877553,78.41777432103297,17.890379913618176,18.792239389821063,0.3039844341325258,17.99882179707116,31.22437526429988,35.20294684529881,0.5305490488010668,23.09725326944867,29.8564304327975,35.384658678479305,0.5073056108452171,20.437989068247585,48.633646843118974,68.18594568095399,0.8263587294841696,22.470699736134065
Gucheng,Behandelt + FT + Reg + Log,39.687502510346704,66.00630992783104,0.67435029613639,74.11722268453474,49.751841594975865,50.07536517652743,0.8453585383498512,50.000439309516786,60.91694084655696,62.3647944845467,1.035070349636868,48.19194421608518,53.30548677583545,57.55130287380183,0.9057403091466295,38.44613939397144,46.87091113176613,52.3727000778879,0.7964072013261283,29.724752541626483
Huairou,Seasonal Naive (Baseline),52.87240556247405,82.25135855753517,1.0201595174945985,122.16685319234806,67.0,67.09880773903512,1.2927478321631294,84.64456694222145,77.04166666666667,77.98691129499446,1.4864992174562353,77.4774832971986,88.47916666666667,93.35806963871235,1.7071828492527397,77.37060261183693,129.33333333333334,149.37703973502755,2.495453526762658,81.51220895582657
Huairou,Seasonal Naive (Vorjahr),62.481104044357465,90.91093181221554,1.2055568926045082,277.73203403230673,41.25,41.42161271606889,0.7959081802496878,52.220117610785266,71.29166666666667,85.41296739956995,1.3755544408153697,62.97059921866573,96.35416666666667,107.30146395397719,1.8591289563913165,79.25545318392155,136.04166666666666,158.37565223929536,2.624889099510334,83.16051431749969
Huairou,Basis (univariat),64.30268978670951,94.69696424612364,1.2407039227466703,98.85484860341623,49.89934553409664,50.02203395060057,0.9627950860531695,63.13457622040567,72.60017316375537,76.87089985862426,1.4008017383897398,68.68942606579544,85.93644144152427,91.55020138830103,1.6581216175723015,72.31958382300597,127.08524986851788,149.8349759860822,2.4520773323497926,77.17244951149299
Huairou,Basis + Feiertage,64.50239788236702,94.97559725028685,1.2445572392799042,99.4042385142415,57.651529610709034,57.760539184190264,1.112371491419889,72.97007370702042,80.78596126157161,84.73153926336998,1.5587444222404665,77.03696067939391,94.1991347950006,99.40154434115985,1.8175481686250663,80.17473264400864,135.25022697972852,156.7896364474541,2.609618473546496,83.6969743480737
Huairou,Basis + Feiertage + Regressoren,59.52780318031219,87.08771749506671,1.148573709175851,96.05830396850246,33.95839218479142,34.0874601909202,0.6552184758303651,42.987495121905326,39.82461580092011,42.51181301047563,0.7684057573637161,38.35255323444609,43.308131811244834,46.055730329378214,0.8356193061794301,39.446626799179526,58.9401260592159,75.2228437654396,1.1372346297085512,37.039421144779766
Huairou,Behandelt + Feiertage + Regressoren,51.76918211343349,76.62990733811375,0.9988731037313342,90.0280134270489,24.57984003221081,24.776449670462508,0.474261715172493,31.09091427151703,30.589330086707704,34.04742330739156,0.5902132859240862,28.81440697950426,36.0749125099635,39.23301447117402,0.6960561931750726,33.517535093323644,50.902709521045445,68.52840126423885,0.9821547370829997,31.566168557301804
Huairou,Behandelt + FT + Reg + Log,41.967829068936,69.73575910255035,0.8097585082008921,62.62342449778671,51.25693895825624,51.35947564436477,0.9889895033075166,64.72204365561373,63.16774886609797,65.84871213561084,1.218805528496614,60.8565850060311,63.698230268929585,67.97917166370272,1.2290410312356201,54.305793091062974,67.05114849107099,73.425642737625,1.2937347291922403,46.517746160447906
Nongzhanguan,Seasonal Naive (Baseline),65.8238346651446,103.148302201455,1.0413291030521488,117.70997089190946,77.5,78.91926254090316,1.2260453359651473,84.07052697519639,84.75,87.76673629570601,1.3407398996522095,74.66518048006462,114.83333333333333,127.6476269527431,1.8166564225376052,76.45566763625696,161.90277777777777,184.5208133397302,2.5612922009580146,80.94054495819006
Nongzhanguan,Seasonal Naive (Vorjahr),75.57293313906914,111.27237999134589,1.1955592541982145,265.3497611600872,11.5,14.404860290887934,0.18192930791740894,13.27162155075548,62.208333333333336,83.932264356444,0.9841320895677231,47.428262032485364,115.05208333333333,137.09730805161712,1.8201170343729907,71.17739109658233,165.29861111111111,194.15848516382462,2.61501407992638,78.3595329460691
Nongzhanguan,Basis (univariat),79.0160156817545,114.7329560185583,1.2500286128150198,97.9550853117842,42.88991411713461,48.80224025819801,0.6785158601710789,42.48879966616793,70.97804192738488,78.45788239007096,1.1228683517549536,58.07302536754643,104.52544384605206,116.39232497246262,1.6535862311888907,67.80652635312019,152.36309872802883,177.61761126511294,2.410375052499316,73.45162267526005
Nongzhanguan,Basis + Feiertage,81.3383067350475,117.7567129398165,1.286767117520097,97.8592303948337,52.78693778348535,57.79310301455962,0.8350861789590274,53.696249855772535,81.45381667867333,88.18528545954061,1.2885944778767429,67.7633359291549,114.87508746377148,125.83459582340922,1.8173169703683274,75.8012237098543,162.55602361687164,186.4012861826842,2.5716265108194296,80.0484111728578
Nongzhanguan,Basis + Feiertage + Regressoren,47.55626219288699,72.92131025944657,0.7523372059035454,87.5288372217877,7.252619104439436,10.201436578974254,0.11473599776167347,8.063247768318247,18.786234283334505,28.368816692445417,0.2971970957862041,13.74835239628415,34.65778336912516,46.912044389009296,0.548284047156211,20.263600823901324,54.68569322372463,72.25500252739691,0.8651243757544315,23.769679838919256
Nongzhanguan,Behandelt + Feiertage + Regressoren,42.38011254308418,66.07354698701184,0.670450829950018,100.96392521281199,8.565349986866005,10.522961413955441,0.13550332132008003,10.196167777206181,17.960203909051742,26.553877222248218,0.28412934497646314,13.62818732149088,33.733440270958816,44.81922275687731,0.5336609949711991,20.21102689569009,52.92873802552624,69.50882361289659,0.8373294502544205,23.4219941792288
Nongzhanguan,Behandelt + FT + Reg + Log,44.10886544376513,74.32993914849638,0.6977995968005484,65.92715995670373,41.267034323992426,44.641815616026406,0.6528419995102523,42.67527175033129,55.553093361725836,61.0696351848273,0.8788465937365206,46.18388473480992,66.05902887532498,77.56303384649202,1.0450498613029573,42.66550498511651,67.69044119613024,79.05642404617862,1.0708587060379167,36.32556889976794
Shunyi,Seasonal Naive (Baseline),63.892857476427686,98.84311235748042,1.0776915225159414,125.65143616743816,91.125,93.1296139796574,1.5370206290350419,88.84890350141218,88.29166666666667,90.02522794565236,1.4892303214107243,77.96900040391012,111.66666666666667,121.32068386443152,1.8835003593113455,78.43747563572173,164.36111111111111,186.2811495204672,2.772306374638117,82.74568344319586
Shunyi,Seasonal Naive (Vorjahr),72.57299934274249,107.51135032379598,1.2241009284032016,291.951225026812,26.875,35.01249776865398,0.45330512378948423,24.241567013616432,68.875,89.47871151740404,1.161726154455841,52.32340344447304,112.10416666666667,132.1281382121439,1.8908797450474533,73.15929952236621,166.11111111111111,193.82715508767785,2.801823917582549,79.54334731067527
Shunyi,Basis (univariat),77.22579799193393,113.07516210078313,1.3025804620828023,99.23343699714445,63.61978634004686,65.96580063687361,1.0730855859473667,61.49997163737576,80.43344146073407,85.15116801677569,1.3566843214203643,67.69933495147748,106.2367830224277,116.09064351695173,1.7919136029387224,73.16979728661302,159.5378623313633,183.8475410919912,2.6909518300736126,78.38941996940487
Shunyi,Basis + Feiertage,77.40246840239732,113.4623942452271,1.3055603914701528,99.32431949988916,76.97712612803346,78.91479453576156,1.2983860721275144,75.09243936273614,94.28759076376146,98.40446765968845,1.590364576855037,80.26798852325533,120.1218315220929,128.96037776177508,2.026115040295512,84.52886910211546,173.41566646611292,196.0387576042267,2.9250310755146876,87.58048525594216
Shunyi,Basis + Feiertage + Regressoren,68.73434436208505,99.50041798139537,1.1593536922658234,94.13405596989303,32.34087939865863,40.93976772383281,0.5454990265774783,28.154082052501195,32.70623868633521,39.10192791743561,0.5516616028427015,26.03033463499782,47.67668425130736,56.656320155755374,0.8041706141920385,32.73784246617473,72.71440541994129,88.99830293723956,1.2264860483782412,35.04167875806434
Shunyi,Behandelt + Feiertage + Regressoren,51.917773197882006,78.93776747890932,0.8757057713987078,82.51261307536457,24.635668598435785,31.696791113614296,0.4155339461823495,21.38004885210785,21.51598468878957,29.180752316760916,0.36291371545318707,16.366907178416135,37.878061275665466,47.91006760553158,0.6388956002035796,26.528594923180886,61.61181580014537,79.00458677169892,1.0392168107229693,29.307176281166537
Shunyi,Behandelt + FT + Reg + Log,41.269750500613455,70.53761998005108,0.6961037901187613,68.1613317874857,52.706782681554564,57.830736569189625,0.8890141264374897,49.03858527209175,50.776107331218945,54.31639678606521,0.8564491021144686,43.42997969547604,62.0677212497172,70.79074060644507,1.0469066442580188,42.579825568243976,55.830905093054184,65.70601760225163,0.9417092221204045,33.393350224184445
Tiantan,Seasonal Naive (Baseline),63.6916000761035,98.51265241490243,1.066149677902008,116.3147909014536,81.25,81.86727062752244,1.3600641407349245,88.18807934011923,83.75,84.92055110513591,1.401912268142153,75.32321206391401,113.375,125.87775154225362,1.8978125779178103,76.44847158712076,154.79166666666666,174.76575592616663,2.5910965552975616,80.84531853787496
Tiantan,Seasonal Naive (Vorjahr),71.95392244361422,106.3713082236235,1.204454765548081,237.6111444705292,9.75,10.758717395675006,0.16320769688819095,10.981322449116316,60.083333333333336,82.69068871402632,1.005749995353724,45.42805500503817,112.70833333333333,134.71559548421507,1.8866530772758825,69.93458521859125,156.95833333333334,183.59695272357524,2.627364932383826,77.20939880348982
Tiantan,Basis (univariat),76.37476455330416,109.8809367337937,1.278456351089499,96.40973495480327,46.89082673792303,49.054993505140665,0.7849173166235509,49.622733203953985,72.79253462898532,78.46400665755777,1.2184925053795468,61.22058666656881,105.67563714951388,116.68348484856402,1.7689310109091603,69.78740931427568,147.4081420604885,169.68935469000832,2.4675018839240614,74.64647758155562
Tiantan,Basis + Feiertage,79.13359174948607,113.73151820538227,1.3246370518896382,98.528620223701,55.83183560130176,57.71999803026675,0.9345831078490837,59.460657305078925,82.2909315116828,87.46563163709315,1.3774885545441649,69.8968528567272,115.02589910064574,125.26607680658962,1.925447392277931,76.97403846904608,156.5666349560251,177.65551578007737,2.6208081949443063,80.64007672166255
Tiantan,Basis + Feiertage + Regressoren,55.42731836312642,81.43191596220748,0.927811792280451,82.7246177460814,10.04334398804921,10.134487297044204,0.1681180555226021,11.027394514520168,21.68561974066084,30.505810773386646,0.3630010311247533,16.365366542958792,39.359725650179236,51.516603287992574,0.6588523254889034,23.48465305543361,55.21038500553028,72.052171401717,0.9241804903654265,25.233107545182875
Tiantan,Behandelt + Feiertage + Regressoren,42.74075954004355,66.50076105565793,0.7154483002853829,85.38939024095434,4.2417257423087165,4.449540849772769,0.07100331171626234,4.626598007076311,17.76211596994702,26.72407334923038,0.297324516852924,12.906475744703435,36.34992988290974,47.96075247718448,0.608470598793531,21.531560255392144,51.692791777740005,67.95529708258509,0.865298614540078,23.454235704106637
Tiantan,Behandelt + FT + Reg + Log,40.374433236748125,68.03144785314791,0.6758377704344298,67.95347018960324,41.42425837661743,42.17455317357232,0.6934110569178547,44.65770594524905,53.76773989859478,57.52439380953292,0.900031691870046,45.829707748835354,65.54390823092375,75.57665577934536,1.0971559289661545,43.113860583162584,61.35026220852227,71.23442722100572,1.026957435747645,35.21263686001204
Wanliu,Seasonal Naive (Baseline),61.269044901065456,95.13291542646698,1.0155459602112296,131.103167440491,81.5,82.02743443507178,1.3508778517906341,87.95873981884331,85.91666666666667,87.69359535716771,1.4240849337383885,74.47920498604338,106.70833333333333,113.40671643837209,1.768710725171684,76.06926598154836,152.66666666666666,170.77982901970594,2.530478757137466,80.51979703406295
Wanliu,Seasonal Naive (Vorjahr),70.78822126186853,103.20024663734655,1.1733281014762338,251.3433722811528,33.25,37.69615364994153,0.5511250131538477,34.36141046373989,67.20833333333333,88.49128959018132,1.1139907847332784,50.706244246692734,109.83333333333333,126.36834387350866,1.820508188813963,72.89968839456532,157.79861111111111,182.25719197819816,2.615541702985564,79.17868940577334
Wanliu,Basis (univariat),76.93101193597386,111.5747937650117,1.275146013989546,99.02985367030026,53.0173667103505,55.03316177726861,0.8787728398683996,56.10017156970277,81.89243870418953,86.87939041348788,1.3573825972344997,67.41224646678438,105.13841940505127,111.34496743324831,1.7426891060927407,73.64518154138713,152.07158055609995,172.54961624479424,2.5206150927611124,78.48461132777302
Wanliu,Basis + Feiertage,77.32213247161214,112.00351838130278,1.2816289105413772,99.45682923167499,66.37247603381404,68.05336219086175,1.1001362925470437,70.67593333767104,95.98945080546382,100.4296344001518,1.5910432282042666,79.89225336396218,119.30544317612599,124.89275086053863,1.977510193677235,84.49593233643809,166.12564949788987,185.0490143474834,2.7535639327734147,87.47569733304172
Wanliu,Basis + Feiertage + Regressoren,67.80691754186313,97.59116499432369,1.1239124307422912,93.19084106062185,34.079250451227324,35.84808762903421,0.5648699955851407,35.901366069293196,43.18684327946573,46.39410632048321,0.7158300622697356,35.59035156543428,42.86729187747519,48.36729943910341,0.7105334375892735,30.219579216706897,62.993745432539605,75.9443449172702,1.044133196394542,32.00139040879185
Wanliu,Behandelt + Feiertage + Regressoren,47.07341385230172,72.06543556841186,0.7802507016104151,84.55369658439984,21.70082074806617,24.338430917025917,0.3596951915857822,22.377237403347852,30.773756730240724,35.130980314565235,0.5100808145187136,24.51834319303825,32.70290769925349,38.03838559552531,0.5420568552156434,22.596701489163763,51.693560660059745,65.46911359062194,0.856830505225403,25.205830950695496
Wanliu,Behandelt + FT + Reg + Log,47.76832868611417,78.80535994919207,0.7917690458788568,62.35577718789986,59.96558536907467,61.38670468889569,0.9939408729416376,63.88477852484008,73.42428987005398,75.6449272244623,1.2170214352013662,62.1119227986751,73.46466822645607,78.31446874981339,1.2176907140646211,53.36312947447449,83.46413048438548,89.1102546637114,1.3834336845438016,48.22355967391968
Wanshouxigong,Seasonal Naive (Baseline),67.4039108551266,106.02836236123694,1.0724063859434259,115.06780334586489,88.625,89.35533000330759,1.4100371142931603,89.28543407971704,90.79166666666667,93.74988888882304,1.4445091076844365,75.36022341473073,120.83333333333333,132.52374001161704,1.9224765545134765,77.01088678449572,161.72222222222223,180.6534435505359,2.5730249426155085,81.16895766156675
Wanshouxigong,Seasonal Naive (Vorjahr),76.14636588487616,113.60683503920038,1.2115001637937595,239.92157948516447,13.25,16.658331248957683,0.2108094980466502,12.743730843539765,65.875,93.37134642562104,1.0480811836847608,45.20171231162961,121.75,145.06449714983103,1.9370608594097858,70.87632266671203,164.26388888888889,190.0903253459351,2.6134632425552744,77.63315738618076
Wanshouxigong,Basis (univariat),82.6249779369318,120.01691489830866,1.3145758584905765,96.61151867569919,53.201054696314415,56.022138087464164,0.8464368027232018,51.92001623867599,80.40994421772501,87.67010020643937,1.2793343379998303,62.82103790205924,114.87868916112002,125.60621764078552,1.8277372677971975,71.73454999844586,157.22928166980688,179.08676483305493,2.5015415809092354,76.56519196300218
Wanshouxigong,Basis + Feiertage,84.72712646608132,123.10994381668476,1.3480213585848795,99.47015115415037,63.49668957328872,65.94538138898135,1.010241906156148,62.47544018162563,91.35263611307391,97.93895411138331,1.4534342161687095,72.24659910124167,125.68478117590222,135.62314357748343,1.9996638212675484,79.52779121139729,167.79198827297336,188.36627215961704,2.6695958357792398,83.10348596239993
Wanshouxigong,Basis + Feiertage + Regressoren,65.71474948088475,96.15309899812274,1.0455315737605042,87.19483470659918,11.253901641562107,12.086050603715966,0.17905127216030797,11.125910843071498,24.74905960194511,36.11090326687072,0.393761270325485,16.820529719006835,40.09495519006316,53.01579100267807,0.6379167832317092,22.255182048219126,57.018190232443075,74.91761722860021,0.9071680047116782,24.651912700698343
Wanshouxigong,Behandelt + Feiertage + Regressoren,51.53536646454721,79.73153342944735,0.8199354517767069,82.50742658770093,5.82895512202075,7.066848673449869,0.09273955497431281,5.614024226511851,21.304443502537996,32.89622579222952,0.3389569087496795,14.036762606361497,36.910790865860086,49.35796383316939,0.5872562486744789,20.328836286314488,53.44855404048081,70.91612653302423,0.8503745546107937,22.931925419152734
Wanshouxigong,Behandelt + FT + Reg + Log,44.34128213269525,76.55421317477827,0.7054764852179912,64.00195805148815,41.345971808414575,42.31499296718062,0.6578206462779491,41.19349988386083,53.55533011779249,59.35259265050164,0.852073378102225,41.83869132115072,63.14368166408975,73.22024371858929,1.004625497088621,39.072694421942195,54.89330592202938,66.12189544913161,0.873360774908998,30.908343164386476
